ref,compound,wt,pos,aa,ec50,ec50_err
https://doi.org/10.1038/s41422-021-00569-8,aMSH,WT,NA,WT,17.6,4.21
https://doi.org/10.1038/s41422-021-00569-8,aMSH,E,100,N,NA,NA
https://doi.org/10.1038/s41422-021-00569-8,aMSH,T,101,A,49.4,6.12
https://doi.org/10.1038/s41422-021-00569-8,aMSH,D,122,S,NA,NA
https://doi.org/10.1038/s41422-021-00569-8,aMSH,N,123,A,33.3,5.97
https://doi.org/10.1038/s41422-021-00569-8,aMSH,D,126,S,NA,NA
https://doi.org/10.1038/s41422-021-00569-8,aMSH,C,130,A,136,21.9
https://doi.org/10.1038/s41422-021-00569-8,aMSH,L,133,A,94.7,1.58
https://doi.org/10.1038/s41422-021-00569-8,aMSH,L,133,F,76.1,17.0
https://doi.org/10.1038/s41422-021-00569-8,aMSH,I,137,A,19.7,5.97
https://doi.org/10.1038/s41422-021-00569-8,aMSH,T,150,A,NA,NA
https://doi.org/10.1038/s41422-021-00569-8,aMSH,T,150,I,86.2,34.9
https://doi.org/10.1038/s41422-021-00569-8,aMSH,T,150,F,91.9,16.9
https://doi.org/10.1038/s41422-021-00569-8,aMSH,T,150,S,36.2,9.10
https://doi.org/10.1038/s41422-021-00569-8,aMSH,H,158,A,7.59,3.83
https://doi.org/10.1038/s41422-021-00569-8,aMSH,S,188,A,101,30.2	
https://doi.org/10.1038/s41422-021-00569-8,aMSH,M,204,A,6.34,1.17
https://doi.org/10.1038/s41422-021-00569-8,aMSH,L,205,F,7.18,1.84
https://doi.org/10.1038/s41422-021-00569-8,aMSH,W,258,A,70.7,17.7
https://doi.org/10.1038/s41422-021-00569-8,aMSH,W,258,F,2.60,0.53
https://doi.org/10.1038/s41422-021-00569-8,aMSH,F,261,V,118,14.5	
https://doi.org/10.1038/s41422-021-00569-8,aMSH,H,264,A,NA,NA