mut	consequence
L328*	Conflicting interpretations of pathogenicity
L325I	Uncertain significance
I317F	Uncertain significance
I316S	Pathogenic/Likely pathogenic
T312S	Uncertain significance
R310K	Uncertain significance
R305Q	Uncertain significance
R305W	Conflicting interpretations of pathogenicity
Y302F	Uncertain significance
I301T	Likely pathogenic
L300P	Uncertain significance
P299H	Pathogenic/Likely pathogenic
P299S	Uncertain significance
I297N	Uncertain significance
S295P	Uncertain significance
N294H	Uncertain significance
Y287*	Pathogenic
H283Y	Uncertain significance
F280L	Pathogenic
C279Y	Uncertain significance
C279R	Uncertain significance
C277*	Pathogenic
Y276C	Uncertain significance
N274S	Conflicting interpretations of pathogenicity
Q273*	Likely pathogenic
P272L	Likely pathogenic
P272R	Uncertain significance
C271Y	Pathogenic
C271R	Pathogenic/Likely pathogenic
I269N	Conflicting interpretations of pathogenicity
P260Q	Likely pathogenic
A259V	Uncertain significance
V255I	Uncertain significance
V253I	Uncertain significance
G252S	Uncertain significance
I251L	Benign/Likely benign
L250Q	Conflicting interpretations of pathogenicity
G243R	Uncertain significance
N240S	Uncertain significance
G231S	Uncertain significance
I226T	Uncertain significance
A219V	Pathogenic
A219S	Uncertain significance
M215I	Uncertain significance
L211V	Uncertain significance
F202L	Conflicting interpretations of pathogenicity
I195M	Uncertain significance
L183F	Uncertain significance
G181D	Likely pathogenic
S180P	Likely pathogenic
A175T	Conflicting interpretations of pathogenicity
I170V	Conflicting interpretations of pathogenicity
V166I	Pathogenic
R165Q	Pathogenic/Likely pathogenic
R165W	Pathogenic/Likely pathogenic
V163I	Uncertain significance
T162I	Conflicting interpretations of pathogenicity
Q156*	Pathogenic/Likely pathogenic
A154V	Uncertain significance
T150I	Likely pathogenic
D146V	Uncertain significance
D146N	Uncertain significance
L141R	Uncertain significance
L140P	Uncertain significance
I137T	Uncertain significance
S136F	Pathogenic
A135P	Uncertain significance
S127L	Conflicting interpretations of pathogenicity
I125K	Pathogenic
I125V	Uncertain significance
N123S	Likely benign
T112M	Conflicting interpretations of pathogenicity
V103I	Benign
I102T	Likely pathogenic
I102S	Pathogenic
N97D	Pathogenic
S94N	Likely pathogenic
M91R	Likely pathogenic
D90N	Pathogenic
L86F	Likely pathogenic
Y80*	Pathogenic
Y80C	Uncertain significance
M79V	Uncertain significance
P78L	Likely pathogenic
H76R	Uncertain significance
N74I	Uncertain significance
I69R	Pathogenic
N62S	Pathogenic
E61K	Pathogenic/Likely pathogenic
S58C	Pathogenic
L54P	Uncertain significance
V50M	Pathogenic
Q43K	Likely pathogenic
D37V	Conflicting interpretations of pathogenicity
Y35*	Pathogenic
S30F	Uncertain significance
R18L	Uncertain significance
T11A	Uncertain significance
R7H	Uncertain significance
T5N	Uncertain significance
S4F	Uncertain significance